Type,Precision (P),Recall (R),Residual Recall (R+),F1,"# of TP","# of FP","# of FN","# of Correspondences",Time,Time (HH:MM:SS)
ALL,0.1136208076659822,0.680327868852459,0.2571428571428571,0.19472140762463344,166,1295,78,1461,129302401068,00:02:09
CLASSES,0.1136986301369863,0.6831275720164609,0.25961538461538464,0.19495008807985909,166,1294,77,1460,-,-
PROPERTIES,0.0,0.0,0.0,0.0,0,1,0,1,-,-
INSTANCES,0.0,0.0,0.0,0.0,0,0,0,0,-,-
