Type,Precision (P),Recall (R),Residual Recall (R+),F1,"# of TP","# of FP","# of FN","# of Correspondences",Time,Time (HH:MM:SS)
ALL,0.2653061224489796,0.8666666666666667,0.7142857142857143,0.40625,13,36,2,49,2979429567,00:00:02
CLASSES,0.275,0.9166666666666666,0.75,0.4230769230769231,11,29,1,40,-,-
PROPERTIES,0.2222222222222222,0.6666666666666666,0.6666666666666666,0.3333333333333333,2,7,1,9,-,-
INSTANCES,0.0,0.0,0.0,0.0,0,0,0,0,-,-
