Type,Precision (P),Recall (R),Residual Recall (R+),F1,"# of TP","# of FP","# of FN","# of Correspondences",Time,Time (HH:MM:SS)
ALL,0.4505714858632444,0.836559940431869,0.7906085289889794,0.5856900821060862,2247,2740,439,5201,40319544674,00:00:40
CLASSES,0.4505714858632444,0.836559940431869,0.7906085289889794,0.5856900821060862,2247,2740,439,5201,-,-
PROPERTIES,0.0,0.0,0.0,0.0,0,0,0,0,-,-
INSTANCES,0.0,0.0,0.0,0.0,0,0,0,0,-,-
