Type,Precision (P),Recall (R),Residual Recall (R+),F1,"# of TP","# of FP","# of FN","# of Correspondences",Time,Time (HH:MM:SS)
ALL,0.1388888888888889,0.7142857142857143,0.3333333333333333,0.23255813953488372,5,31,2,36,1924256232,00:00:01
CLASSES,0.13793103448275862,0.6666666666666666,0.0,0.2285714285714286,4,25,2,29,-,-
PROPERTIES,0.14285714285714285,1.0,1.0,0.25,1,6,0,7,-,-
INSTANCES,0.0,0.0,0.0,0.0,0,0,0,0,-,-
