Type,Precision (P),Recall (R),Residual Recall (R+),F1,"# of TP","# of FP","# of FN","# of Correspondences",Time,Time (HH:MM:SS)
ALL,0.16666666666666666,0.5652173913043478,0.2857142857142857,0.25742574257425743,13,65,10,78,5488335386,00:00:05
CLASSES,0.16901408450704225,0.631578947368421,0.3,0.26666666666666666,12,59,7,71,-,-
PROPERTIES,0.14285714285714285,0.25,0.25,0.18181818181818182,1,6,3,7,-,-
INSTANCES,0.0,0.0,0.0,0.0,0,0,0,0,-,-
