Type,Precision (P),Recall (R),Residual Recall (R+),F1,"# of TP","# of FP","# of FN","# of Correspondences",Time,Time (HH:MM:SS)
ALL,0.4482758620689655,0.6842105263157895,0.3333333333333333,0.5416666666666666,13,16,6,29,3573978958,00:00:03
CLASSES,0.7142857142857143,0.7142857142857143,0.2,0.7142857142857143,10,4,4,14,-,-
PROPERTIES,0.2,0.6,0.5,0.3,3,12,2,15,-,-
INSTANCES,0.0,0.0,0.0,0.0,0,0,0,0,-,-
