Type,Precision (P),Recall (R),Residual Recall (R+),F1,"# of TP","# of FP","# of FN","# of Correspondences",Time,Time (HH:MM:SS)
ALL,0.17647058823529413,0.8181818181818182,0.5,0.2903225806451613,9,42,2,51,5535014480,00:00:05
CLASSES,0.1875,0.8181818181818182,0.5,0.30508474576271183,9,39,2,48,-,-
PROPERTIES,0.0,0.0,0.0,0.0,0,3,0,3,-,-
INSTANCES,0.0,0.0,0.0,0.0,0,0,0,0,-,-
