Type,Precision (P),Recall (R),Residual Recall (R+),F1,"# of TP","# of FP","# of FN","# of Correspondences",Time,Time (HH:MM:SS)
ALL,0.35,0.6363636363636364,0.3333333333333333,0.45161290322580644,7,13,4,20,2397276379,00:00:02
CLASSES,0.4666666666666667,0.875,0.6666666666666666,0.608695652173913,7,8,1,15,-,-
PROPERTIES,0.0,0.0,0.0,0.0,0,5,3,5,-,-
INSTANCES,0.0,0.0,0.0,0.0,0,0,0,0,-,-
