Type,Precision (P),Recall (R),Residual Recall (R+),F1,"# of TP","# of FP","# of FN","# of Correspondences",Time,Time (HH:MM:SS)
ALL,0.21875,0.5,0.3,0.30434782608695654,7,25,7,32,6348115925,00:00:06
CLASSES,0.2916666666666667,0.5384615384615384,0.3333333333333333,0.3783783783783784,7,17,6,24,-,-
PROPERTIES,0.0,0.0,0.0,0.0,0,8,1,8,-,-
INSTANCES,0.0,0.0,0.0,0.0,0,0,0,0,-,-
