Type,Precision (P),Recall (R),Residual Recall (R+),F1,"# of TP","# of FP","# of FN","# of Correspondences",Time,Time (HH:MM:SS)
ALL,0.24489795918367346,0.8,0.625,0.375,12,37,3,49,2239914235,00:00:02
CLASSES,0.23684210526315788,0.8181818181818182,0.5,0.3673469387755102,9,29,2,38,-,-
PROPERTIES,0.2727272727272727,0.75,0.75,0.39999999999999997,3,8,1,11,-,-
INSTANCES,0.0,0.0,0.0,0.0,0,0,0,0,-,-
