Type,Precision (P),Recall (R),Residual Recall (R+),F1,"# of TP","# of FP","# of FN","# of Correspondences",Time,Time (HH:MM:SS)
ALL,0.2692307692307692,0.7777777777777778,0.6,0.39999999999999997,7,19,2,26,4537311118,00:00:04
CLASSES,0.30434782608695654,0.7777777777777778,0.6,0.43750000000000006,7,16,2,23,-,-
PROPERTIES,0.0,0.0,0.0,0.0,0,3,0,3,-,-
INSTANCES,0.0,0.0,0.0,0.0,0,0,0,0,-,-
