Type,Precision (P),Recall (R),Residual Recall (R+),F1,"# of TP","# of FP","# of FN","# of Correspondences",Time,Time (HH:MM:SS)
ALL,0.2564102564102564,0.6666666666666666,0.5454545454545454,0.37037037037037035,10,29,5,39,2162092524,00:00:02
CLASSES,0.32142857142857145,0.75,0.625,0.45000000000000007,9,19,3,28,-,-
PROPERTIES,0.09090909090909091,0.3333333333333333,0.3333333333333333,0.14285714285714288,1,10,2,11,-,-
INSTANCES,0.0,0.0,0.0,0.0,0,0,0,0,-,-
