Track,Matcher,Type,Macro Precision (P),Macro Recall (R),Residual Macro Recall (R+),Macro F1,Micro Precision (P),Micro Recall (R),Residual Micro Recall (R+),Micro F1,"# of TP","# of Residual TP","# of FP","# of FN","# of Correspondences",Total Runtime,Total Runtime(HH:MM:SS)
biodiv,MatcherHTTPCall,ALL,0.11458968922421679,0.7255334668545854,0.3947252747252747,0.1979201594125261,0.11507734149243583,0.7464167585446527,0.46511627906976744,0.19941089837997053,677,200,5206,230,5883,174284905765,00:02:54
biodiv,MatcherHTTPCall,CLASSES,0.11465474493274655,0.7269333184365865,0.3959615384615385,0.19806924037106996,0.1151360544217687,0.7472406181015453,0.4662004662004662,0.19952844090775126,677,200,5203,229,5880,-,-
biodiv,MatcherHTTPCall,PROPERTIES,0.0,0.0,0.0,0.0,0.0,0.0,0.0,0.0,0,0,3,0,3,-,-
biodiv,MatcherHTTPCall,INSTANCES,0.0,0.0,0.0,0.0,0.0,0.0,0.0,0.0,0,0,0,0,0,-,-
