Type,Precision (P),Recall (R),Residual Recall (R+),F1,"# of TP","# of FP","# of FN","# of Correspondences",Time,Time (HH:MM:SS)
ALL,0.3793747083527765,0.6745768337205443,0.6273280121626758,0.4856340720387074,4065,6650,1961,12798,334009909546,00:05:34
CLASSES,0.3793747083527765,0.6745768337205443,0.6273280121626758,0.4856340720387074,4065,6650,1961,12798,-,-
PROPERTIES,0.0,0.0,0.0,0.0,0,0,0,0,-,-
INSTANCES,0.0,0.0,0.0,0.0,0,0,0,0,-,-
