Type,Precision (P),Recall (R),Residual Recall (R+),F1,"# of TP","# of FP","# of FN","# of Correspondences",Time,Time (HH:MM:SS)
ALL,0.1896551724137931,0.7333333333333333,0.5,0.30136986301369867,11,47,4,58,4701964303,00:00:04
CLASSES,0.1836734693877551,0.8181818181818182,0.5,0.3,9,40,2,49,-,-
PROPERTIES,0.2222222222222222,0.5,0.5,0.30769230769230765,2,7,2,9,-,-
INSTANCES,0.0,0.0,0.0,0.0,0,0,0,0,-,-
