Type,Precision (P),Recall (R),Residual Recall (R+),F1,"# of TP","# of FP","# of FN","# of Correspondences",Time,Time (HH:MM:SS)
ALL,0.23636363636363636,0.8666666666666667,0.5,0.37142857142857144,13,42,2,55,4393827958,00:00:04
CLASSES,0.2653061224489796,0.8666666666666667,0.5,0.40625,13,36,2,49,-,-
PROPERTIES,0.0,0.0,0.0,0.0,0,6,0,6,-,-
INSTANCES,0.0,0.0,0.0,0.0,0,0,0,0,-,-
