Type,Precision (P),Recall (R),Residual Recall (R+),F1,"# of TP","# of FP","# of FN","# of Correspondences",Time,Time (HH:MM:SS)
ALL,0.18571428571428572,0.7647058823529411,0.6,0.2988505747126437,13,57,4,70,4998687642,00:00:04
CLASSES,0.19642857142857142,0.7857142857142857,0.5714285714285714,0.3142857142857143,11,45,3,56,-,-
PROPERTIES,0.14285714285714285,0.6666666666666666,0.6666666666666666,0.23529411764705882,2,12,1,14,-,-
INSTANCES,0.0,0.0,0.0,0.0,0,0,0,0,-,-
