Type,Precision (P),Recall (R),Residual Recall (R+),F1,"# of TP","# of FP","# of FN","# of Correspondences",Time,Time (HH:MM:SS)
ALL,0.36,0.6923076923076923,0.2,0.47368421052631576,9,16,4,25,3197631872,00:00:03
CLASSES,0.5714285714285714,1.0,0.0,0.7272727272727273,8,6,0,14,-,-
PROPERTIES,0.09090909090909091,0.2,0.2,0.12500000000000003,1,10,4,11,-,-
INSTANCES,0.0,0.0,0.0,0.0,0,0,0,0,-,-
