Type,Precision (P),Recall (R),Residual Recall (R+),F1,"# of TP","# of FP","# of FN","# of Correspondences",Time,Time (HH:MM:SS)
ALL,0.11956521739130435,0.5789473684210527,0.3333333333333333,0.1981981981981982,11,81,8,92,10695147110,00:00:10
CLASSES,0.125,0.5789473684210527,0.3333333333333333,0.205607476635514,11,77,8,88,-,-
PROPERTIES,0.0,0.0,0.0,0.0,0,4,0,4,-,-
INSTANCES,0.0,0.0,0.0,0.0,0,0,0,0,-,-
