Type,Precision (P),Recall (R),Residual Recall (R+),F1,"# of TP","# of FP","# of FN","# of Correspondences",Time,Time (HH:MM:SS)
ALL,0.11555857078245138,0.770739064856712,0.5323076923076923,0.2009832841691249,511,3911,152,4422,44982504697,00:00:44
CLASSES,0.11561085972850679,0.770739064856712,0.5323076923076923,0.20106236474522918,511,3909,152,4420,-,-
PROPERTIES,0.0,0.0,0.0,0.0,0,2,0,2,-,-
INSTANCES,0.0,0.0,0.0,0.0,0,0,0,0,-,-
