Type,Precision (P),Recall (R),Residual Recall (R+),F1,"# of TP","# of FP","# of FN","# of Correspondences",Time,Time (HH:MM:SS)
ALL,0.2571428571428571,0.72,0.5882352941176471,0.3789473684210526,18,52,7,70,2660681653,00:00:02
CLASSES,0.3148148148148148,0.7391304347826086,0.6,0.4415584415584415,17,37,6,54,-,-
PROPERTIES,0.0625,0.5,0.5,0.1111111111111111,1,15,1,16,-,-
INSTANCES,0.0,0.0,0.0,0.0,0,0,0,0,-,-
