Type,Precision (P),Recall (R),Residual Recall (R+),F1,"# of TP","# of FP","# of FN","# of Correspondences",Time,Time (HH:MM:SS)
ALL,0.5714285714285714,1.0,1.0,0.7272727272727273,12,9,0,21,1637775851,00:00:01
CLASSES,0.7142857142857143,1.0,1.0,0.8333333333333333,10,4,0,14,-,-
PROPERTIES,0.2857142857142857,1.0,1.0,0.4444444444444445,2,5,0,7,-,-
INSTANCES,0.0,0.0,0.0,0.0,0,0,0,0,-,-
